public_cell_code,independent_events,institutions,unique_sampling_years,first_event_year,most_recent_event_year,recent_verification_gap,low_sampling_gap,institutional_non_redundancy,metadata_gap,temporal_persistence_gap,equal_weight_priority,recency_emphasized_priority,sampling_emphasized_priority,priority_complete,priority_ineligibility_reason,priority_class
CELL_001,1,1,1.0,1998.0,1998.0,1.0,1.0,1.0,0.4,1.0,0.88,0.91,0.91,True,,0.81-1.00
CELL_002,1,1,1.0,1996.0,1996.0,1.0,1.0,1.0,0.1,1.0,0.82,0.865,0.865,True,,0.81-1.00
CELL_003,1,1,1.0,1989.0,1989.0,1.0,1.0,1.0,0.1,1.0,0.82,0.865,0.865,True,,0.81-1.00
CELL_004,1,1,1.0,1994.0,1994.0,1.0,1.0,1.0,0.1,1.0,0.82,0.865,0.865,True,,0.81-1.00
CELL_005,1,1,1.0,1927.0,1927.0,1.0,1.0,1.0,0.1,1.0,0.82,0.865,0.865,True,,0.81-1.00
CELL_006,1,1,1.0,1984.0,1984.0,1.0,1.0,1.0,0.1,1.0,0.82,0.865,0.865,True,,0.81-1.00
CELL_007,1,1,1.0,1991.0,1991.0,1.0,1.0,1.0,0.1,1.0,0.82,0.865,0.865,True,,0.81-1.00
CELL_008,3,1,2.0,1996.0,1997.0,1.0,0.993569131832797,1.0,0.1,0.933333333333333,0.805380493033226,0.854035369774919,0.856082529474812,True,,0.81-1.00
CELL_009,1,1,1.0,1997.0,1997.0,1.0,1.0,1.0,0.0,1.0,0.8,0.85,0.85,True,,0.61-0.80
CELL_010,7,1,3.0,1990.0,1992.0,1.0,0.980707395498392,1.0,0.1,0.866666666666667,0.789474812433012,0.842106109324759,0.844914255091104,True,,0.61-0.80
CELL_011,1,1,1.0,2002.0,2002.0,0.5,1.0,1.0,0.1,1.0,0.72,0.665,0.765,True,,0.61-0.80
CELL_012,1,1,1.0,2000.0,2000.0,0.5,1.0,1.0,0.1,1.0,0.72,0.665,0.765,True,,0.61-0.80
CELL_013,1,1,1.0,2009.0,2009.0,0.5,1.0,1.0,0.1,1.0,0.72,0.665,0.765,True,,0.61-0.80
CELL_014,1,1,1.0,2007.0,2007.0,0.5,1.0,1.0,0.1,1.0,0.72,0.665,0.765,True,,0.61-0.80
CELL_015,1,1,1.0,2000.0,2000.0,0.5,1.0,1.0,0.1,1.0,0.72,0.665,0.765,True,,0.61-0.80
CELL_016,4,1,1.0,2004.0,2004.0,0.5,0.990353697749196,1.0,0.1,1.0,0.718070739549839,0.663553054662379,0.761623794212219,True,,0.61-0.80
CELL_017,1,1,1.0,2000.0,2000.0,0.5,1.0,1.0,0.0,1.0,0.7,0.65,0.75,True,,0.61-0.80
CELL_018,1,1,1.0,2000.0,2000.0,0.5,1.0,1.0,0.0,1.0,0.7,0.65,0.75,True,,0.61-0.80
CELL_019,2,1,2.0,1992.0,2001.0,0.5,0.996784565916399,1.0,0.0,0.933333333333333,0.686023579849946,0.63951768488746,0.742207931404073,True,,0.61-0.80
CELL_020,1,1,1.0,2012.0,2012.0,0.0,1.0,1.0,0.4,1.0,0.68,0.51,0.71,True,,0.61-0.80
CELL_021,1,1,1.0,2015.0,2015.0,0.0,1.0,1.0,0.2,1.0,0.64,0.48,0.68,True,,0.61-0.80
CELL_022,2,1,1.0,2017.0,2017.0,0.0,0.996784565916399,1.0,0.2,1.0,0.63935691318328,0.47951768488746,0.67887459807074,True,,0.61-0.80
CELL_023,2,1,1.0,2015.0,2015.0,0.0,0.996784565916399,1.0,0.2,1.0,0.63935691318328,0.47951768488746,0.67887459807074,True,,0.61-0.80
CELL_024,2,1,1.0,2023.0,2023.0,0.0,0.996784565916399,1.0,0.2,1.0,0.63935691318328,0.47951768488746,0.67887459807074,True,,0.61-0.80
CELL_025,3,3,1.0,1999.0,1999.0,1.0,0.993569131832797,0.0,0.2,1.0,0.638713826366559,0.72903536977492,0.677749196141479,True,,0.61-0.80
CELL_026,3,1,1.0,2015.0,2015.0,0.0,0.993569131832797,1.0,0.2,1.0,0.638713826366559,0.47903536977492,0.677749196141479,True,,0.61-0.80
CELL_027,5,1,4.0,2009.0,2012.0,0.0,0.987138263665595,1.0,0.4,0.8,0.637427652733119,0.478070739549839,0.685498392282958,True,,0.61-0.80
CELL_028,3,3,1.0,1992.0,1992.0,1.0,0.993569131832797,0.0,0.166666666666667,1.0,0.632047159699893,0.72403536977492,0.672749196141479,True,,0.61-0.80
CELL_029,24,1,1.0,2013.0,2013.0,0.0,0.92604501607717,1.0,0.2,1.0,0.625209003215434,0.468906752411576,0.65411575562701,True,,0.61-0.80
CELL_030,5,1,1.0,2020.0,2020.0,0.0,0.987138263665595,1.0,0.12,1.0,0.621427652733119,0.466070739549839,0.663498392282958,True,,0.61-0.80
CELL_031,1,1,1.0,2021.0,2021.0,0.0,1.0,1.0,0.1,1.0,0.62,0.465,0.665,True,,0.61-0.80
CELL_032,1,1,1.0,2023.0,2023.0,0.0,1.0,1.0,0.1,1.0,0.62,0.465,0.665,True,,0.61-0.80
CELL_033,1,1,1.0,2015.0,2015.0,0.0,1.0,1.0,0.1,1.0,0.62,0.465,0.665,True,,0.61-0.80
CELL_034,1,1,1.0,2018.0,2018.0,0.0,1.0,1.0,0.1,1.0,0.62,0.465,0.665,True,,0.61-0.80
CELL_035,2,2,1.0,2006.0,2006.0,0.5,0.996784565916399,0.5,0.1,1.0,0.61935691318328,0.58951768488746,0.66387459807074,True,,0.61-0.80
CELL_036,2,1,1.0,2014.0,2014.0,0.0,0.996784565916399,1.0,0.1,1.0,0.61935691318328,0.46451768488746,0.66387459807074,True,,0.61-0.80
CELL_037,2,1,1.0,2022.0,2022.0,0.0,0.996784565916399,1.0,0.1,1.0,0.61935691318328,0.46451768488746,0.66387459807074,True,,0.61-0.80
CELL_038,1,1,1.0,2010.0,2010.0,0.0,1.0,1.0,0.0,1.0,0.6,0.45,0.65,True,,0.61-0.80
CELL_039,104,1,1.0,2021.0,2021.0,0.0,0.668810289389068,1.0,0.2,1.0,0.573762057877814,0.43032154340836,0.564083601286174,True,,0.41-0.60
CELL_040,4,2,2.0,2016.0,2021.0,0.0,0.990353697749196,0.5,0.25,0.933333333333333,0.534737406216506,0.401053054662379,0.577457127545552,True,,0.41-0.60
CELL_041,2,2,2.0,1944.0,2022.0,0.0,0.996784565916399,0.5,0.2,0.933333333333333,0.526023579849947,0.39451768488746,0.572207931404073,True,,0.41-0.60
CELL_042,23,6,1.0,2004.0,2004.0,0.5,0.929260450160772,0.0,0.178260869565217,1.0,0.521504263945198,0.516128197958898,0.551980287991053,True,,0.41-0.60
CELL_043,9,2,2.0,2008.0,2015.0,0.0,0.97427652733119,0.5,0.1,0.933333333333333,0.501521972132905,0.376141479099678,0.54933011789925,True,,0.41-0.60
CELL_044,4,3,3.0,2000.0,2009.0,0.5,0.990353697749196,0.0,0.15,0.866666666666667,0.501404072883173,0.501053054662379,0.555790460878885,True,,0.41-0.60
CELL_045,5,2,4.0,1995.0,2012.0,0.0,0.987138263665595,0.5,0.08,0.8,0.473427652733119,0.355070739549839,0.537498392282958,True,,0.41-0.60
CELL_046,10,2,5.0,2004.0,2016.0,0.0,0.971061093247588,0.5,0.13,0.733333333333333,0.466878885316184,0.350159163987138,0.532704715969989,True,,0.41-0.60
CELL_047,312,1,3.0,2018.0,2020.0,0.0,0.0,1.0,0.384935897435898,0.866666666666667,0.450320512820513,0.337740384615385,0.344407051282051,True,,0.41-0.60
CELL_048,111,2,3.0,2013.0,2022.0,0.0,0.646302250803859,0.5,0.2,0.866666666666667,0.442593783494105,0.331945337620579,0.442872454448017,True,,0.41-0.60
CELL_049,12,5,6.0,2004.0,2018.0,0.0,0.964630225080386,0.0,0.358333333333333,0.666666666666667,0.397926045016077,0.298444533762058,0.458037245444802,True,,0.21-0.40
CELL_050,3,3,3.0,1999.0,2020.0,0.0,0.993569131832797,0.0,0.1,0.866666666666667,0.392047159699893,0.29403536977492,0.449415862808146,True,,0.21-0.40
CELL_051,6,4,5.0,2007.0,2024.0,0.0,0.983922829581994,0.0,0.2,0.733333333333333,0.383451232583065,0.287588424437299,0.447706323687031,True,,0.21-0.40
CELL_052,13,7,6.0,2002.0,2025.0,0.0,0.961414790996785,0.0,0.253846153846154,0.666666666666667,0.376385522301921,0.282289141726441,0.441238766592465,True,,0.21-0.40
CELL_053,7,4,4.0,2005.0,2012.0,0.0,0.980707395498392,0.0,0.1,0.8,0.376141479099678,0.282106109324759,0.438247588424437,True,,0.21-0.40
CELL_054,20,7,5.0,2003.0,2022.0,0.0,0.938906752411576,0.0,0.17,0.733333333333333,0.368448017148982,0.276336012861736,0.427450696677385,True,,0.21-0.40
CELL_055,58,4,4.0,2015.0,2023.0,0.0,0.816720257234727,0.0,0.201724137931034,0.8,0.363688879033152,0.272766659274864,0.39611071072181,True,,0.21-0.40
CELL_056,86,3,5.0,2015.0,2022.0,0.0,0.726688102893891,0.0,0.26046511627907,0.733333333333333,0.344097310501259,0.258072982875944,0.366743936788056,True,,0.21-0.40
CELL_057,21,7,11.0,1982.0,2024.0,0.0,0.935691318327974,0.0,0.233333333333333,0.333333333333333,0.300471596998928,0.225353697749196,0.395825294748124,True,,0.21-0.40
CELL_058,42,8,16.0,1982.0,2018.0,0.0,0.868167202572347,0.0,0.211904761904762,0.0,0.216014392895422,0.162010794671566,0.335644235186036,True,,0.21-0.40
CELL_059,1,1,,,,,1.0,1.0,0.1,,,,,False,Missing recency and temporal-persistence components because no collection year was available for the documented generalized cell.,Insufficient temporal information
